country,MPI,lat,lon
Afghanistan,0.387,36.7347725,70.8119953
Afghanistan,0.466,35.1671339,63.7695384
Afghanistan,0.3,35.8042947,69.2877535
Afghanistan,0.301,36.7550603,66.8975372
Afghanistan,0.325,34.8100067,67.8212104
Afghanistan,0.313,33.669495,66.0463534
Afghanistan,0.319,32.4464635,62.1454133
Afghanistan,0.25,36.0795613,64.905955
Afghanistan,0.245,33.5450587,68.4173972
Afghanistan,0.384,34.0995776,64.905955
Afghanistan,0.261,31.3636474,63.9586111
Afghanistan,0.353,11.6155109,104.3791912
Afghanistan,0.293,36.8969692,65.6658568
Afghanistan,0.117,34.5553494,69.207486
Afghanistan,0.437,31.628871,65.7371749
Afghanistan,0.28,34.9810572,69.6214562
Afghanistan,0.296,33.3338472,69.9371673
Afghanistan,0.269,34.8465893,71.097317
Afghanistan,0.294,36.7285907,68.8680663
Afghanistan,0.369,34.6897687,70.1455805
Afghanistan,0.187,34.0145518,69.1923916
Afghanistan,0.287,34.1718313,70.6216794
Afghanistan,0.231,31.0261488,62.4504154
Afghanistan,0.611,35.3250223,70.9071236
Afghanistan,0.137,32.2645386,68.5247149
Afghanistan,0.218,33.706199,69.3831079
Afghanistan,0.12,35.5025772,69.9550338
Afghanistan,0.294,34.9630977,68.8108849
Afghanistan,0.35,35.9807296,67.5708536
Afghanistan,0.341,35.6707473,66.0463534
Afghanistan,0.361,36.6698013,69.4784541
Afghanistan,0.624,32.9271287,66.1415263
Afghanistan,0.34,34.3513494,68.2385339
Afghanistan,0.175,32.1918782,67.1894488
Albania,,,
Armenia,,,
Azerbaijan,,,
Burundi,0.164,-3.4146958,29.3598782
Burundi,0.501,-3.373056,29.918886
Burundi,0.473,9.0630743,7.464915
Burundi,0.499,-3.373056,29.918886
Burundi,0.422,14.6090537,121.0222565
Benin,0.528,10.9681093,2.7779813
Benin,0.454,10.7954931,1.6760691
Benin,0.278,6.6588391,2.2236667
Benin,0.351,9.5340864,2.7779813
Benin,0.292,13.718252,-2.302446
Benin,0.345,7.0035894,1.7538817
Benin,0.335,9.7191867,1.6760691
Benin,0.083,6.3806973,2.4406387
Benin,0.259,6.6607182,1.7538817
Benin,0.238,,
Benin,0.347,7.3445141,2.539603
Benin,0.334,7.3469268,2.0665197
Burkina Faso,0.591,8.8556838,7.179026
Burkina Faso,0.493,10.4072992,-4.5624426
Burkina Faso,0.207,12.3425897,-1.443469
Burkina Faso,0.58,11.5247674,-0.1494988
Burkina Faso,0.575,13.1724464,-0.9056623
Burkina Faso,0.554,11.8798466,-2.302446
Burkina Faso,0.513,11.5228911,-1.0586135
Burkina Faso,0.698,12.4365526,0.9056623
Burkina Faso,0.459,11.4942003,-4.2333355
Burkina Faso,0.581,,
Burkina Faso,0.524,12.2537648,-0.7532809
Burkina Faso,0.69,14.1000865,-0.1494988
Burkina Faso,0.655,10.4231493,-3.2583626
Bangladesh,0.224,22.7029212,90.3465971
Bangladesh,0.186,22.3475365,91.8123324
Bangladesh,0.174,23.810332,90.4125181
Bangladesh,0.156,22.845641,89.5403279
Bangladesh,0.192,24.3635886,88.6241351
Bangladesh,0.206,25.7438916,89.275227
Bangladesh,0.32,24.904539,91.8611011
Bosnia and Herzegovina,,,
Belize,0.026,18.4030802,-88.3967536
Belize,0.019,18.0842472,-88.5710266
Belize,0.005,30.7326622,31.7195459
Belize,0.013,16.8116631,-88.4016041
Belize,0.019,16.2491923,-88.864698
Belize,0.054,17.0984445,-88.9413865
Belize,0.005,17.4891317,-88.188656
"Bolivia, Plurinational State of",0.145,-20.0249144,-64.1478236
"Bolivia, Plurinational State of",0.077,-16.489689,-68.1192936
"Bolivia, Plurinational State of",0.105,-17.4139766,-66.1653224
"Bolivia, Plurinational State of",0.073,26.9373041,90.4879916
"Bolivia, Plurinational State of",0.168,,
"Bolivia, Plurinational State of",0.081,-21.5213825,-64.7280952
"Bolivia, Plurinational State of",0.043,-17.8145819,-63.1560853
"Bolivia, Plurinational State of",0.099,-14.3782747,-65.0957792
"Bolivia, Plurinational State of",0.087,-10.7988901,-66.9988011
Brazil,0.072,-9.0237964,-70.8119953
Brazil,0.042,-9.5713058,-36.7819505
Brazil,0.022,,
Brazil,0.044,-3.4168427,-65.8560646
Brazil,0.029,-12.579738,-41.7007272
Brazil,0.029,-21.3223397,-46.3694179
Brazil,0.008,-15.7997654,-47.8644715
Brazil,0.018,,
Brazil,0.017,,
Brazil,0.046,-8.7224084,125.5712576
Brazil,0.019,-12.6818712,-56.921099
Brazil,0.019,-20.7722295,-54.7851531
Brazil,0.021,-18.512178,-44.5550308
Brazil,0.016,,
Brazil,0.032,,
Brazil,0.035,,
Brazil,0.027,-8.8137173,-36.954107
Brazil,0.039,,
Brazil,0.03,-5.4025803,-36.954107
Brazil,0.012,-30.0346316,-51.2176986
Brazil,0.011,-22.9068467,-43.1728965
Brazil,0.024,-17.8251657,31.03351
Brazil,0.029,2.7375971,-62.0750998
Brazil,0.019,-27.2423392,-50.2188556
Brazil,0.034,-10.5740934,-37.3856581
Brazil,0.012,-23.5671844,-46.7387185
Brazil,0.03,-10.17528,-48.2982474
Barbados,,,
Bhutan,0.042,27.641839,90.6773046
Bhutan,0.121,27.0784304,89.4742177
Bhutan,0.222,27.0322861,89.8879304
Bhutan,0.059,27.2651669,89.1705998
Bhutan,0.151,27.8264989,91.135302
Bhutan,0.165,27.2617059,91.2891036
Bhutan,0.026,27.428684,89.4163654
Bhutan,0.128,27.98785,86.9250261
Bhutan,0.088,27.5920869,89.8797459
Bhutan,0.149,26.8035682,91.5039207
Bhutan,0.197,27.0291832,89.0561532
Bhutan,0.102,-2.5546618,29.6035495
Bhutan,0.016,27.4727924,89.6392863
Bhutan,0.132,27.3325014,91.5523435
Bhutan,0.121,-20.3446313,44.7006138
Bhutan,0.148,27.5002269,90.5080634
Bhutan,0.196,27.032207,90.1869644
Bhutan,0.099,27.4879018,89.8996196
Bhutan,0.184,27.076975,90.8294002
Central African Republic,0.403,5.1188825,18.4276047
Central African Republic,0.494,4.3525981,17.4795173
Central African Republic,0.497,8.154077,123.258793
Central African Republic,0.52,,
Central African Republic,0.505,15.341806,-84.6060449
Central African Republic,0.479,,
Central African Republic,0.533,7.090911,17.668887
Central African Republic,0.501,,
Central African Republic,0.419,,
Central African Republic,0.471,6.3168216,20.7122465
Central African Republic,0.42,7.7964379,23.3823545
Central African Republic,0.364,8.2733455,20.7122465
Central African Republic,0.544,4.8719319,21.2845025
Central African Republic,0.491,5.3561427,-3.9666402
Central African Republic,0.418,6.2537134,25.4733554
Central African Republic,0.197,4.3946735,18.5581899
China,0.008,42.4708101,-92.3578032
China,0.013,29.70534,-95.5483893
China,0.034,35.86166,104.195397
Cote d'Ivoire,0.359,-8.6529334,117.3616476
Cote d'Ivoire,0.297,,
Cote d'Ivoire,0.322,13.4540922,-16.6733441
Cote d'Ivoire,0.334,,
Cote d'Ivoire,0.477,5.361844,-4.0231596
Cote d'Ivoire,0.374,5.308613,-3.9468284
Cote d'Ivoire,0.518,7.7027827,-5.036833
Cote d'Ivoire,0.38,7.539989,-5.54708
Cote d'Ivoire,0.264,,
Cote d'Ivoire,0.394,4.7459773,-6.6143386
Cote d'Ivoire,0.109,5.3428333,-4.0264183
Cameroon,0.269,6.9181954,12.8054753
Cameroon,0.179,,
Cameroon,0.024,4.0510564,9.7678687
Cameroon,0.274,3.9505128,13.914399
Cameroon,0.54,,
Cameroon,0.091,4.0134386,9.7170073
Cameroon,0.458,8.5809013,13.914399
Cameroon,0.167,6.4703739,10.439656
Cameroon,0.146,5.4638158,10.8000051
Cameroon,0.131,2.7202832,11.7068294
Cameroon,0.129,5.1573493,9.3673084
Cameroon,0.026,,
"Congo, Democratic Republic of the",0.102,-4.4419311,15.2662931
"Congo, Democratic Republic of the",0.435,-4.163679,18.8076195
"Congo, Democratic Republic of the",0.393,-5.2365685,13.914399
"Congo, Democratic Republic of the",0.48,,
"Congo, Democratic Republic of the",0.49,,
"Congo, Democratic Republic of the",0.431,,
"Congo, Democratic Republic of the",0.4,-8.8851145,26.419389
"Congo, Democratic Republic of the",0.409,-3.0730929,26.0413889
"Congo, Democratic Republic of the",0.349,,
"Congo, Democratic Republic of the",0.401,1.6406296,26.419389
"Congo, Democratic Republic of the",0.462,-3.011658,28.299435
"Congo, Republic of",0.352,-4.1428413,11.8891721
"Congo, Republic of",0.238,5.4308921,7.5247243
"Congo, Republic of",0.323,,
"Congo, Republic of",0.274,,
"Congo, Republic of",0.299,-3.7762628,14.8454619
"Congo, Republic of",0.357,-2.0680088,15.4068079
"Congo, Republic of",0.246,-0.2877446,16.1580937
"Congo, Republic of",0.312,0.144755,14.4723301
"Congo, Republic of",0.285,1.4662328,15.4068079
"Congo, Republic of",0.304,2.043924,17.668887
"Congo, Republic of",0.103,18.8679349,-71.1225531
"Congo, Republic of",0.094,-4.7691623,11.866362
Colombia,0.056,10.7582091,-72.8451323
Colombia,0.009,11.0041072,-74.8069813
Colombia,0.012,12.5450153,-81.7075787
Colombia,0.061,8.5705151,8.3088441
Colombia,0.022,6.6437076,-73.6536209
Colombia,0.018,17.2317561,-13.1740348
Colombia,0.005,6.244203,-75.5812119
Colombia,0.037,6.244203,-75.5812119
Colombia,0.009,,
Colombia,0.027,,
Colombia,0.005,3.4516467,-76.5319854
Colombia,0.012,,
Colombia,0.039,,
Colombia,0.059,5.2954172,-3.9835142
Colombia,0.003,13.4595508,-15.5401101
Colombia,0.028,49.2647481,-122.7471312
Comoros,0.213,13.4929172,-16.0904721
Comoros,0.22,,
Comoros,0.116,-17.1927361,-70.9328138
Djibouti,0.125,11.825138,42.590275
Djibouti,0.214,,
Dominican Republic,0.028,,
Dominican Republic,0.047,4.695135,96.7493993
Dominican Republic,0.028,18.8679349,-71.1225531
Dominican Republic,0.03,18.8679349,-71.1225531
Dominican Republic,0.039,18.4296612,-68.675255
Dominican Republic,0.078,18.9771643,-69.3786383
Dominican Republic,0.055,18.4787964,-71.5961328
Dominican Republic,0.043,18.4901651,-69.9602108
Dominican Republic,0.028,18.4870314,-69.9379724
Dominican Republic,0.04,18.41386,-70.277748
Algeria,,,
Ecuador,0.014,-1.4693018,-78.8169396
Ecuador,0.01,34.352865,62.2040287
Ecuador,0.046,-3.4653053,-62.2158805
Ecuador,0.003,-0.2051725,-78.4896935
Egypt,0.006,30.0444196,31.2357116
Egypt,0.004,31.2000924,29.9187387
Egypt,0.003,10.9691601,20.7122465
Egypt,0.008,29.9668343,32.5498069
Egypt,0.011,31.4175388,31.8144434
Egypt,0.005,31.0832017,31.4913182
Egypt,0.01,,
Egypt,0.005,30.3292368,31.2168466
Egypt,0.006,31.1063198,30.9419751
Egypt,0.006,10.911057,-84.3172642
Egypt,0.008,41.2666667,69.2166667
Egypt,0.012,30.8480986,30.3435506
Egypt,0.009,30.5964923,32.2714587
Egypt,0.018,30.0130557,31.2088526
Egypt,0.017,29.0661274,31.0993845
Egypt,0.022,29.3084021,30.8428497
Egypt,0.022,28.0870967,30.7618397
Egypt,0.038,27.1783117,31.1859257
Egypt,0.035,26.5590737,31.6956705
Egypt,0.015,26.155061,32.7160121
Egypt,0.013,24.088938,32.8998293
Egypt,0.015,25.6872431,32.6396357
Egypt,0.015,25.1076838,33.7964613
Egypt,0.003,24.5455638,27.1735316
Egypt,0.036,6.8295019,-9.3673084
Ethiopia,0.537,14.0323336,38.3165725
Ethiopia,0.663,11.7559388,40.958688
Ethiopia,0.588,11.3494247,37.9784585
Ethiopia,0.592,7.5460377,40.6346851
Ethiopia,0.647,6.6612293,43.7908453
Ethiopia,0.584,10.7802889,35.5657862
Ethiopia,0.574,6.5156911,36.954107
Ethiopia,0.474,8.2471899,34.5915966
Ethiopia,0.333,9.314866,42.1967716
Ethiopia,0.085,8.9806034,38.7577605
Ethiopia,0.338,9.6008747,41.850142
Gabon,0.024,0.456963,9.409852
Gabon,0.063,0.456963,9.409852
Gabon,0.092,,
Gabon,0.138,,
Gabon,0.184,,
Gabon,0.16,-2.8821033,11.1617356
Gabon,0.076,,
Gabon,0.264,,
Gabon,0.152,,
Gabon,0.096,,
Ghana,0.101,6.7470436,-1.5208624
Ghana,0.16,7.9559247,-1.6760691
Ghana,0.171,5.5607846,-1.0586135
Ghana,0.155,31.2652893,32.3018661
Ghana,0.058,5.8142836,0.0746767
Ghana,0.382,9.5439269,-0.9056623
Ghana,0.289,10.7082499,-0.9820668
Ghana,0.259,10.2529757,-2.1450245
Ghana,0.138,6.5781373,0.4502368
Ghana,0.122,5.3901978,-2.1450245
Guinea,0.418,,
Guinea,0.122,9.6411855,-13.5784012
Guinea,0.599,10.0451022,-10.7492466
Guinea,0.603,10.3827887,-9.3118282
Guinea,0.503,10.0406725,-12.8629885
Guinea,0.554,,
Guinea,0.531,10.3785237,-12.0832543
Guinea,0.509,,
Gambia,0.095,13.4548761,-16.5790323
Gambia,0.157,14.6489525,2.1450245
Gambia,0.242,13.2747943,-16.6409198
Gambia,0.352,35.1408881,36.7551993
Gambia,0.397,,
Gambia,0.555,12.1844159,6.2375947
Gambia,0.46,13.5336211,-14.7695962
Gambia,0.524,13.3094412,-14.2192475
Guinea-Bissau,0.545,12.1735243,-14.652952
Guinea-Bissau,0.382,11.8529061,-15.7351171
Guinea-Bissau,0.352,11.5891108,-15.5122694
Guinea-Bissau,0.335,12.2732631,-16.1669156
Guinea-Bissau,0.544,11.8962488,-14.1001326
Guinea-Bissau,0.505,12.2760709,-15.3131185
Guinea-Bissau,0.414,11.795562,-15.1726816
Guinea-Bissau,0.43,11.3632696,-14.9856176
Guinea-Bissau,0.163,,
Guatemala,0.214,7.4952637,-10.0807298
Guatemala,0.147,15.0787498,-90.4125181
Guatemala,0.082,14.6631591,-90.8246386
Guatemala,0.2,14.7924897,-89.5450458
Guatemala,0.07,14.8921637,-90.0373201
Guatemala,0.067,14.3009252,-90.7881835
Guatemala,0.014,14.6349149,-90.5068824
Guatemala,0.036,14.5987203,-90.5149157
Guatemala,0.187,15.3198766,-91.4918235
Guatemala,0.106,15.5918066,-88.9413865
Guatemala,0.165,14.5655154,-89.9253233
Guatemala,0.113,14.1930802,-89.9253233
Guatemala,0.134,16.912033,-90.2995785
Guatemala,0.094,14.8520705,-91.5305465
Guatemala,0.193,15.4983808,-90.9820668
Guatemala,0.1,14.5245485,-91.685788
Guatemala,0.048,14.6110576,-90.7152749
Guatemala,0.123,-26.9827577,31.3541631
Guatemala,0.093,14.1928003,-90.3748354
Guatemala,0.09,14.7666085,-91.1785016
Guatemala,0.112,13.3198572,-87.1622344
Guatemala,0.121,14.9173402,-91.3613923
Guatemala,0.112,14.9676218,-89.5356094
Guyana,0.057,7.4882419,-59.6564494
Guyana,0.095,45.4786354,-122.640354
Guyana,0.004,,
Guyana,0.006,2.7477922,-57.4627259
Guyana,0.005,6.5720132,-58.4629997
Guyana,0.006,6.238496,-57.9162555
Guyana,0.014,7.1294166,-58.9206295
Guyana,0.004,5.3064879,-58.1892921
Guyana,0.145,2.9239595,-58.7373634
Honduras,0.045,,
Honduras,0.058,,
Honduras,0.077,14.4490149,-87.6482474
Honduras,0.161,11.7274729,-86.2158497
Honduras,0.026,,
Honduras,0.108,13.4726005,-86.4592091
Honduras,0.095,,
Honduras,0.031,,
Honduras,0.124,33.1870471,-4.2333355
Honduras,0.139,,
Honduras,0.017,,
Honduras,0.107,14.3271237,-87.6729074
Honduras,0.201,14.1887698,-88.556531
Honduras,0.109,14.5170347,-89.0561532
Honduras,0.089,14.8067406,-85.7666645
Honduras,0.076,,
Honduras,0.068,13.5782936,-87.5791287
Honduras,0.073,15.1369653,-87.1273253
Haiti,0.162,,
Haiti,0.307,27.6825285,91.4821482
Haiti,0.244,19.5687715,-72.189
Haiti,0.323,19.4889723,-71.8571331
Haiti,0.316,19.362902,-72.4258145
Haiti,0.391,18.9582742,-72.0468164
Haiti,0.249,18.3320005,-73.7007088
Haiti,0.378,18.5489259,-74.07701
Haiti,0.311,19.8374009,-73.0405277
Haiti,0.257,18.3990735,-73.4180211
Indonesia,0.077,12.4315534,-86.8722146
Indonesia,0.071,2.1153547,99.5450974
Indonesia,0.056,-0.7399397,100.8000051
Indonesia,0.053,0.2933469,101.7068294
Indonesia,0.072,-1.6101229,103.6131203
Indonesia,0.054,-3.3194374,103.914399
Indonesia,0.059,14.7546303,46.516262
Indonesia,0.065,-4.5585849,105.4068079
Indonesia,0.053,-2.7410513,106.4405872
Indonesia,0.041,3.9456514,108.1428669
Indonesia,0.029,-6.17511,106.8650395
Indonesia,0.057,-7.090911,107.668887
Indonesia,0.053,-7.150975,110.1402594
Indonesia,0.025,-7.8753849,110.4262088
Indonesia,0.055,-7.5360639,112.2384017
Indonesia,0.075,-6.4058172,106.0640179
Indonesia,0.042,-8.4095178,115.188916
Indonesia,0.121,-17.9646772,-67.1060353
Indonesia,0.164,-8.6573819,121.0793705
Indonesia,0.086,-0.2787808,111.4752851
Indonesia,0.084,-1.6814878,113.3823545
Indonesia,0.085,-3.0926415,115.2837585
Indonesia,0.058,0.5386586,116.419389
Indonesia,0.059,0.6246932,123.9750018
Indonesia,0.132,-1.4300254,121.4456179
Indonesia,0.063,-3.6687994,119.9740534
Indonesia,0.109,-4.14491,122.174605
Indonesia,0.128,0.6999372,122.4467238
Indonesia,0.161,34.5337527,43.483738
Indonesia,0.105,-2.8614979,129.5765974
Indonesia,0.129,1.5709993,127.8087693
Indonesia,0.122,-4.185235,136.8252838
Indonesia,0.234,-4.269928,138.0803529
India,,,
Iraq,0.031,36.8679054,42.9488574
Iraq,0.054,36.229574,42.2362435
Iraq,0.01,35.5570454,45.4359425
Iraq,0.035,35.4655761,44.3803921
Iraq,0.031,36.2062933,44.0088697
Iraq,0.038,33.7733487,45.1494505
Iraq,0.052,32.5597614,41.9196471
Iraq,0.027,33.3128057,44.3614875
Iraq,0.042,32.468191,44.5501935
Iraq,0.053,32.6068464,44.0103922
Iraq,0.058,32.6024094,45.7520985
Iraq,0.054,-0.9422027,-80.7303634
Iraq,0.055,32.027376,44.3331165
Iraq,0.082,32.043691,45.1494505
Iraq,0.079,-23.5819954,47.2923893
Iraq,0.06,31.1042292,46.3624686
Iraq,0.098,31.8734002,47.1362125
Iraq,0.045,30.5081033,47.7834888
Jamaica,0.009,18.0178743,-76.8099041
Jamaica,0.007,18.0391345,-76.7567368
Jamaica,0.006,17.9700261,-76.4331698
Jamaica,0.004,18.0844274,-76.4100267
Jamaica,0.009,18.3092711,-76.964306
Jamaica,0.004,27.002382,91.3469247
Jamaica,0.016,18.3526143,-77.6077865
Jamaica,0.003,18.3923184,-77.8595963
Jamaica,0.007,18.4097707,-78.133638
Jamaica,0.004,18.2944378,-78.1564432
Jamaica,0.013,18.0788461,-77.6994197
Jamaica,0.006,18.0669654,-77.5160788
Jamaica,0.014,,
Jamaica,0.004,18.0364134,-77.0564464
Jordan,0.005,31.957151,35.930865
Jordan,0.006,10.3009641,9.8236533
Jordan,0.008,40.5621704,-111.929658
Kazakhstan,,,
Kenya,0.075,-4.0627412,39.6771481
Kenya,0.242,-3.2096898,40.1169399
Kenya,0.19,0.7137256,35.517938
Kenya,0.02,-1.2920659,36.8219462
Kenya,0.509,-0.0190061,37.6480812
Kenya,0.211,-1.2849963,36.8272273
Kenya,0.205,-18.382333,47.2923893
Kenya,0.223,-0.115003,34.851379
Kyrgyzstan,,,
Cambodia,0.097,13.6672596,102.8975098
Cambodia,0.104,,
Cambodia,0.16,11.9924294,105.4645408
Cambodia,0.193,12.1392352,104.5655273
Cambodia,0.182,6.0673327,-59.6146737
Cambodia,0.183,-15.5997929,34.5140637
Cambodia,0.155,10.4790637,104.2941991
Cambodia,0.121,11.2237383,105.1258955
Cambodia,0.274,12.4896877,106.0287512
Cambodia,0.28,12.4534492,107.1771291
Cambodia,0.196,14.1717195,103.6362715
Cambodia,0.026,11.5448729,104.8921668
Cambodia,0.091,10.5669833,103.3039198
Cambodia,0.304,,
Cambodia,0.12,11.3802442,105.5005483
Cambodia,0.221,12.3663211,103.6362715
Cambodia,0.204,13.3670968,103.8448134
Cambodia,0.1,11.142722,105.8290298
Cambodia,0.106,10.9321519,104.798771
Lao People's Democratic Republic,0.012,17.9757058,102.6331035
Lao People's Democratic Republic,0.311,21.5919377,102.2547919
Lao People's Democratic Republic,0.165,20.9170187,101.1617356
Lao People's Democratic Republic,0.248,20.4921929,101.8891721
Lao People's Democratic Republic,0.212,20.2872662,100.7097867
Lao People's Democratic Republic,0.18,20.0656229,102.6216211
Lao People's Democratic Republic,0.184,14.4215982,-91.4048249
Lao People's Democratic Republic,0.079,19.1945799,101.483498
Lao People's Democratic Republic,0.164,19.6093003,103.7289167
Lao People's Democratic Republic,0.063,17.9757058,102.6331035
Lao People's Democratic Republic,0.063,18.4362924,104.4723301
Lao People's Democratic Republic,0.2,17.6384066,105.2194808
Lao People's Democratic Republic,0.262,16.5722464,104.7705509
Lao People's Democratic Republic,0.359,15.8171073,106.2522143
Lao People's Democratic Republic,0.254,15.5767446,107.0067031
Lao People's Democratic Republic,0.149,14.6578664,105.9699878
Lao People's Democratic Republic,0.215,14.93634,107.1011931
Liberia,0.407,6.7562926,-10.8451467
Liberia,0.508,-5.115146,-78.1108279
Liberia,0.505,48.963603,89.935224
Liberia,0.527,6.2308452,-9.8124935
Liberia,0.482,7.0467758,-11.0711758
Liberia,0.349,5.9222078,-8.2212979
Liberia,0.48,4.7613862,-8.2212979
Liberia,0.457,,
Liberia,0.364,6.5151875,-10.3048897
Liberia,0.388,4.7258878,-7.7416703
Liberia,0.25,6.5525815,-10.5296115
Liberia,0.377,6.8427612,-8.6600586
Liberia,0.536,5.9025328,-9.456155
Liberia,0.433,5.2604894,-7.87216
Liberia,0.445,5.49871,-8.6600586
Saint Lucia,,,
Lesotho,0.106,-29.1746723,27.8311428
Lesotho,0.149,-28.7653754,28.2468148
Lesotho,0.106,-28.9510773,28.2526623
Lesotho,0.131,-29.8224312,27.2388161
Lesotho,0.082,-29.3632188,27.5143603
Lesotho,0.178,-30.1425917,27.4673845
Lesotho,0.291,17.9557183,-77.2405153
Lesotho,0.173,-30.1114565,28.678979
Lesotho,0.151,-30.4015687,27.7080133
Lesotho,0.267,-29.5238975,28.6089752
Morocco,0.017,31.791702,-7.09262
Morocco,0.102,31.1200185,-6.0679194
Morocco,0.084,34.302131,-6.302078
Morocco,0.066,33.0473251,-7.2652858
Morocco,0.131,31.5628076,-7.9592863
Morocco,0.049,,
Morocco,0.003,33.5205933,-7.5680595
Morocco,0.016,33.8175173,-6.2375947
Morocco,0.06,32.5997754,-8.6600586
Morocco,0.07,32.004262,-6.5783387
Morocco,0.037,31.9051275,-4.7277528
Morocco,0.042,-4.2633597,15.2428853
Morocco,0.123,34.2581709,-4.2333355
Morocco,0.083,35.2629558,-5.5617279
"Moldova, Republic of",,,
Madagascar,0.178,30.8753556,31.03351
Madagascar,0.357,-19.7184663,46.670534
Madagascar,0.397,-18.9006786,46.9805103
Madagascar,0.319,-18.6336864,46.0563212
Madagascar,0.4,-21.3390868,46.516262
Madagascar,0.409,,
Madagascar,0.514,-21.3205653,47.9218204
Madagascar,0.448,-22.6558058,46.3624686
Madagascar,0.531,0.3148253,32.5808788
Madagascar,0.269,-18.8131481,48.8799972
Madagascar,0.383,-16.507537,49.5279996
Madagascar,0.309,-18.0284909,48.2393528
Madagascar,0.31,-16.3645202,45.9039689
Madagascar,0.32,-15.4135578,48.0803529
Madagascar,0.433,-16.3296686,46.6226097
Madagascar,0.509,-17.3776488,44.7006138
Madagascar,0.427,-23.1485269,44.3992892
Madagascar,0.547,-24.7497835,45.4498065
Madagascar,0.486,-23.5579591,45.9039689
Madagascar,0.417,30.5972455,30.9876321
Madagascar,0.294,-13.4086535,49.2030851
Madagascar,0.327,-14.4407175,49.8547266
Maldives,,,
Mexico,,,
"Macedonia, The former Yugoslav Republic of",,,
Mali,0.485,14.4367876,-11.4452717
Mali,0.44,13.8018074,-7.4381355
Mali,0.484,11.3223834,-5.6983979
Mali,0.498,,
Mali,0.594,14.4874284,-4.1974627
Mali,0.168,12.6392316,-8.0028892
Myanmar,0.171,17.0342125,95.2266675
Myanmar,0.129,17.3220711,96.4663286
Myanmar,0.152,22.3896751,93.5812692
Myanmar,0.083,25.850904,97.4381355
Myanmar,0.099,19.2342061,97.2652858
Myanmar,0.183,16.9459346,97.9592863
Myanmar,0.114,20.1544305,94.9454803
Myanmar,0.099,21.9588282,96.0891032
Myanmar,0.109,17.0626039,97.3516558
Myanmar,0.11,19.7633057,96.0785104
Myanmar,0.258,19.810093,93.9878427
Myanmar,0.134,21.9159702,95.9621106
Myanmar,0.194,22.0361985,98.1338558
Myanmar,0.129,12.0896327,99.0115113
Myanmar,0.051,16.8660694,96.195132
Montenegro,,,
Mongolia,0.041,47.2124056,106.41541
Mongolia,0.044,47.4658154,115.392712
Mongolia,0.075,47.5,100
Mongolia,0.006,47.8863988,106.9057439
Mongolia,0.09,3.6567382,-56.2035387
Mozambique,0.443,-12.7826202,36.6093926
Mozambique,0.525,-12.3335474,39.3206241
Mozambique,0.4,-15.1266347,39.2687161
Mozambique,0.528,,
Mozambique,0.466,-16.1328104,33.6063855
Mozambique,0.301,-18.9438274,32.8648538
Mozambique,0.381,-19.2039073,34.8624166
Mozambique,0.295,-23.8879561,35.3959879
Mozambique,0.306,41.2994958,69.2400734
Mozambique,0.133,-3.18427,12.2547919
Mozambique,0.043,-25.891968,32.6051351
Mauritania,0.412,,
Mauritania,0.438,16.6912149,-9.5450974
Mauritania,0.419,16.7759558,-11.5248055
Mauritania,0.46,15.9717357,-12.6216211
Mauritania,0.307,15.5006544,32.5598994
Mauritania,0.181,17.8664964,-14.6587821
Mauritania,0.184,19.8652176,-12.8054753
Mauritania,0.039,20.5985588,-16.2522143
Mauritania,0.322,18.5467527,-9.9018131
Mauritania,0.499,15.2557331,-12.2547919
Mauritania,0.085,24.5773764,-9.9018131
Mauritania,0.102,18.0735299,-15.9582372
Malawi,0.283,-15.0506595,35.0828588
Malawi,0.118,-15.7666707,35.0167866
Malawi,0.245,,
Malawi,0.292,-16.0437784,34.8016945
Malawi,0.161,-9.7037655,33.2700253
Malawi,0.241,-15.7423151,35.2587964
Malawi,0.314,-14.3816618,34.3254842
Malawi,0.267,-13.6514687,33.9359756
Malawi,0.204,-9.952536,33.9248222
Malawi,0.244,-13.0356794,33.4719832
Malawi,0.114,-12.0584005,34.7354031
Malawi,0.092,-13.9626121,33.7741195
Malawi,0.286,29.9133171,45.2993862
Malawi,0.322,-14.9407263,35.4781926
Malawi,0.302,-14.4861733,35.253304
Malawi,0.314,-13.8000058,32.8930441
Malawi,0.286,-16.0252339,35.5083136
Malawi,0.254,,
Malawi,0.205,-11.7475452,33.5280072
Malawi,0.034,-11.4389649,34.0084395
Malawi,0.285,-16.7288202,35.1708741
Malawi,0.316,-15.6850711,34.5749882
Malawi,0.215,-11.6085556,34.2949409
Malawi,0.245,-12.9316863,34.2810541
Malawi,0.211,-14.9037538,34.7740793
Malawi,0.259,-13.2841992,33.8857747
Malawi,0.293,-15.7092038,35.6532848
Malawi,0.205,-11.0171949,33.8550829
Malawi,0.334,-13.6809586,34.4198243
Malawi,0.259,-16.069257,35.1406293
Malawi,0.053,-15.3765857,35.3356518
Malawi,0.27,-15.2807455,35.3991867
Namibia,0.174,-17.8682455,23.5728501
Namibia,0.044,-22.2565682,15.4068079
Namibia,0.103,-24.2310134,17.668887
Namibia,0.098,-26.8429645,17.2902839
Namibia,0.373,-18.271048,18.4276047
Namibia,0.06,-22.6377854,17.1011931
Namibia,0.238,-19.4086317,13.914399
Namibia,0.348,-17.5979291,16.8178377
Namibia,0.232,-21.8466651,19.1880047
Namibia,0.283,14.9609782,-91.8074586
Namibia,0.156,-18.4305064,15.6881788
Namibia,0.218,-18.4152575,16.912251
Namibia,0.116,-20.5486916,17.668887
Niger,0.405,16.9741689,7.986535
Niger,0.556,13.3132472,12.6158803
Niger,0.62,13.0504833,3.2080991
Niger,0.664,13.5009779,7.1036396
Niger,0.646,14.8904575,5.2579968
Niger,0.609,18.2783598,-72.3547915
Niger,0.641,13.8018124,8.98527
Niger,0.206,13.5115963,2.1253854
Nigeria,0.548,13.0058731,5.2475518
Nigeria,0.605,6.907529,3.5812692
Nigeria,0.52,12.5139317,7.6114217
Nigeria,0.552,12.4460001,9.7232673
Nigeria,0.635,12.1871412,11.7068294
Nigeria,0.401,12.1205201,13.1740348
Nigeria,0.295,9.3250497,12.4380581
Nigeria,0.471,10.279142,11.1730615
Nigeria,0.583,4.7109886,-74.072092
Nigeria,0.434,12.0021794,8.5919561
Nigeria,0.311,10.5104642,7.4165053
Nigeria,0.553,11.6781241,4.0695454
Nigeria,0.324,10.2155388,5.3939551
Nigeria,0.108,,
Nigeria,0.251,-4.1128079,13.7289167
Nigeria,0.273,9.244568,9.3673084
Nigeria,0.448,8.0054917,10.2600125
Nigeria,0.28,7.3508259,8.8362755
Nigeria,0.113,7.9075486,6.5783387
Nigeria,0.099,11.833333,9.6
Nigeria,0.155,7.8429579,3.9368439
Nigeria,0.043,7.5875843,4.5624426
Nigeria,0.051,7.6655813,5.3102505
Nigeria,0.127,6.8959293,4.8935627
Nigeria,0.08,6.5438101,5.8987139
Nigeria,0.05,6.2757656,7.0068393
Nigeria,0.123,6.4583661,7.5463885
Nigeria,0.265,6.177973,7.9592863
Nigeria,0.146,,
Nigeria,0.099,4.9299869,7.87216
Nigeria,0.088,-23.0221928,32.7181375
Nigeria,0.083,5.6038994,7.0068393
Nigeria,0.088,4.8580767,6.9209135
Nigeria,0.12,4.8677767,5.8987139
Nigeria,0.107,5.5324624,5.8987139
Nigeria,0.035,6.5243793,3.3792057
Nigeria,0.112,12.8463561,23.0011989
Nicaragua,0.113,13.7894404,-86.0121573
Nicaragua,0.195,13.0883907,-85.9993997
Nicaragua,0.104,28.2105741,84.042456
Nicaragua,0.048,13.0851139,-86.3630197
Nicaragua,0.047,12.6234721,-87.1273253
Nicaragua,0.031,28.3998551,83.6895693
Nicaragua,0.099,12.9290069,-85.9151211
Nicaragua,0.13,12.469284,-85.6614682
Nicaragua,0.021,12.1149926,-86.2361744
Nicaragua,0.017,11.9704485,-86.0886366
Nicaragua,0.082,11.9394717,-85.1894045
Nicaragua,0.035,11.9344073,-85.9560005
Nicaragua,0.025,,
Nicaragua,0.036,11.4326663,-85.8230251
Nicaragua,0.133,8.7686886,-12.7853522
Nicaragua,0.173,13.8394456,-83.9320806
Nicaragua,0.132,12.1918502,-84.1012861
Nepal,0.05,26.8081234,87.293039
Nepal,0.094,27.719887,85.3175239
Nepal,0.199,27.656871,85.326855
Nepal,0.063,45.5456095,-122.5709527
Nepal,0.133,-11.7167338,43.3680788
Nepal,0.13,8.3022297,2.302446
Nepal,0.226,30.4899333,-97.7677687
Nepal,0.144,30.005,80.9283333
Nepal,0.092,,
Nepal,0.213,6.1670315,8.6600586
Nepal,0.286,27.8168621,83.6382267
Nepal,0.134,27.7738805,84.0291794
Nepal,0.072,,
Nepal,0.112,27.7738805,84.0291794
Nepal,0.104,15.4581332,36.4039629
Pakistan,0.184,31.1704063,72.7097161
Pakistan,0.294,25.8943018,68.5247149
Pakistan,0.247,34.9526205,72.331113
Pakistan,0.402,28.4907332,65.0957792
Pakistan,0.233,35.8025667,74.9831808
Pakistan,0.039,33.7293882,73.0931461
Peru,0.096,-8.5155608,126.0159255
Peru,0.044,,
Peru,0.091,,
Peru,0.009,-16.4090474,-71.537451
Peru,0.071,-13.1638737,-74.2235641
Peru,0.089,-7.1617465,-78.5127855
Peru,0,-12.0508491,-77.1259843
Peru,0.062,-13.53195,-71.9674626
Peru,0.122,-12.7861978,-74.9764024
Peru,0.111,,
Peru,0.009,-14.07546,-75.7341811
Peru,0.042,,
Peru,0.042,-8.1435933,-78.4751945
Peru,0.038,-6.7197666,-79.9080757
Peru,0.004,-12.0463731,-77.042754
Peru,0.147,-4.2324729,-74.2179326
Peru,0.024,-11.7668705,-70.8119953
Peru,0.014,-0.7917729,29.0459927
Peru,0.064,-10.4475753,-75.1545381
Peru,0.05,-5.1782884,-80.6548882
Peru,0.069,-15.8402218,-70.0218805
Peru,0.061,,
Peru,0.008,-18.0065679,-70.2462741
Peru,0.014,-3.5564921,-80.4270885
Peru,0.046,-9.8251183,-73.087749
Philippines,0.026,15.5942883,-90.1494988
Philippines,0.039,17.3512542,121.1718851
Philippines,0.027,16.0832144,120.6199895
Philippines,0.039,16.9753758,121.8107079
Philippines,0.035,15.4827722,120.7120023
Philippines,0.029,14.1007803,121.0793705
Philippines,0.091,9.8432065,118.7364783
Philippines,0.068,13.4209885,123.4136736
Philippines,0.055,11.0049836,122.5372741
Philippines,0.055,10.2968562,123.8886774
Philippines,0.054,12.2445533,125.0388164
Philippines,0.075,-19.0552009,29.6035495
Philippines,0.093,8.0201635,124.6856509
Philippines,0.066,6.9581401,126.2176555
Philippines,0.09,6.2706918,124.6856509
Philippines,0.069,8.8014562,125.7406882
Philippines,0.14,6.9568313,124.2421597
"Palestine, State ofa",,,
Rwanda,0.292,-1.940278,29.873888
Rwanda,0.118,-1.9705786,30.1044288
Rwanda,0.243,-1.5009963,29.6384954
Rwanda,0.295,-9.1667,34.5167
Rwanda,0.266,-2.07649,29.3250347
Sudan,0.382,11.5860078,34.1531947
Sudan,0.501,,
Sudan,0.481,14.3782747,24.9042208
Sudan,0.404,14.024307,35.3685679
Sudan,0.165,14.8859611,33.438353
Sudan,0.362,-3.373056,29.918886
Sudan,0.077,,
Sudan,0.447,15.7661969,24.9042208
Sudan,0.328,13.8306441,29.4179324
Sudan,0.047,18.4448963,30.1589303
Sudan,0.223,19.4556063,35.2148469
Sudan,0.092,23.5597924,32.1577074
Sudan,0.277,13.0317108,33.9750018
Sudan,0.42,11.6488639,24.9042208
Sudan,0.422,11.1990192,29.4179324
Sudan,0.458,,
Sudan,0.468,12.6918384,28.4341996
Sudan,0.267,13.2403881,32.5372741
Senegal,0.449,14.72001,-17.465533
Senegal,0.373,14.497401,-14.452362
Senegal,0.156,14.497401,-14.452362
Senegal,0.425,14.497401,-14.452362
Sierra Leone,0.537,8.2802196,-10.5718086
Sierra Leone,0.477,7.8632147,-11.1957172
Sierra Leone,0.511,8.7663285,-10.8903099
Sierra Leone,0.423,9.2475837,-12.1632718
Sierra Leone,0.58,9.1261664,-12.9176518
Sierra Leone,0.601,9.5308619,-11.5248055
Sierra Leone,0.522,5.556837,23.7632828
Sierra Leone,0.541,8.7389416,-11.7979613
Sierra Leone,0.449,7.9551791,-11.7409946
Sierra Leone,0.478,30.585164,36.238414
Sierra Leone,0.569,8.1620514,-12.4351923
Sierra Leone,0.537,7.3723295,-11.6157773
Sierra Leone,0.319,8.3114983,-13.035694
Sierra Leone,0.191,17.4891317,-88.188656
El Salvador,0.03,13.8216148,-89.9253233
El Salvador,0.046,13.8648288,-88.7493998
El Salvador,0.036,14.0164187,-88.9126449
El Salvador,0.025,13.8661957,-89.0561532
El Salvador,0.017,13.6817661,-89.3606298
El Salvador,0.03,13.495364,-88.9796776
El Salvador,0.054,13.3323464,-87.8500644
El Salvador,0.04,13.7682,-88.1291387
El Salvador,0.03,13.4792922,-88.1779182
El Salvador,0.01,13.6929403,-89.2181911
El Salvador,0.02,13.6390979,-88.7830612
El Salvador,0.027,13.9778279,-89.5639119
El Salvador,0.046,13.7113876,-89.7239097
El Salvador,0.03,13.4470634,-88.556531
Somalia,,,
Serbia,,,
South Sudan,0.503,9.8894202,32.7181375
South Sudan,0.628,,
South Sudan,0.661,8.2209308,28.8596804
South Sudan,0.652,8.5360449,26.7967849
South Sudan,0.491,8.6452399,25.2837585
South Sudan,0.605,6.6030799,29.9740534
South Sudan,0.456,5.3471799,28.299435
South Sudan,0.391,4.6144063,31.2626366
South Sudan,0.561,5.0692995,33.438353
Sao Tome and Principe,0.092,31.3543445,27.2373159
Sao Tome and Principe,0.059,11.4098737,41.2808577
Sao Tome and Principe,0.132,,
Sao Tome and Principe,0.117,13.6707177,-14.8899772
Suriname,0.007,5.8520355,-55.2038278
Suriname,0.013,5.7323762,-55.2701235
Suriname,0.012,5.5855469,-56.8311117
Suriname,0.006,5.6943271,-56.2929381
Suriname,0.011,5.7240813,-55.6689636
Suriname,0.008,5.740211,-54.8731219
Suriname,0.026,5.6268128,-54.2593118
Suriname,0.023,8.1911184,-9.7232673
Suriname,0.057,4.7524091,-55.0272904
Suriname,0.172,6.546426,-58.0982046
Swaziland,0.054,-26.1365662,31.3541631
Swaziland,0.098,-26.7851773,31.8107079
Swaziland,0.041,-26.5081999,31.3713164
Swaziland,0.101,12.4166,-3.4195527
Syrian Arab Republic,0.003,33.5138073,36.2765279
Syrian Arab Republic,0.026,36.2021047,37.1342603
Syrian Arab Republic,0.009,33.5167289,36.954107
Syrian Arab Republic,0.007,34.2567123,38.3165725
Syrian Arab Republic,0.01,-3.5778471,102.3463875
Syrian Arab Republic,0.004,35.5407103,35.7952667
Syrian Arab Republic,0.019,,
Syrian Arab Republic,0.028,36.507867,40.7462671
Syrian Arab Republic,0.047,35.3296518,40.1350341
Syrian Arab Republic,0,11.2336911,-60.6988909
Syrian Arab Republic,0.028,35.9594106,38.9981052
Syrian Arab Republic,0.011,32.626434,36.1033061
Syrian Arab Republic,0.002,32.7128968,36.5662858
Syrian Arab Republic,0.011,,
Chad,0.654,13.6680378,16.4235227
Chad,0.659,13.9371775,18.4276047
Chad,0.537,20.78,18.05
Chad,0.646,11.2564207,16.1580937
Chad,0.625,17.5414578,21.8568586
Chad,0.643,,
Chad,0.654,12.4577273,16.7234639
Chad,0.696,12.90616,105.2194808
Chad,0.744,18.3281428,-77.2405153
Chad,0.44,8.759676,15.876004
Chad,0.504,-29.2875557,29.0605389
Chad,0.529,8.603091,17.4795173
Chad,0.509,9.4046039,14.8454619
Chad,0.479,10.4113014,15.5943388
Chad,0.411,9.0639998,18.4276047
Chad,0.257,,
Chad,0.683,,
Chad,0.678,,
Chad,0.697,12.13074,21.2845025
Chad,0.487,8.3149949,16.3463791
Chad,0.709,15.0892416,21.4752851
Togo,0.067,6.1724969,1.2313618
Togo,0.243,6.4913504,1.2891036
Togo,0.325,7.6101378,1.0586135
Togo,0.236,8.6586029,1.0586135
Togo,0.324,9.7216393,1.0586135
Togo,0.439,10.5291781,0.5257823
Thailand,,,
Tajikistan,0.021,38.5597722,68.7870384
Tajikistan,0.048,37.8450708,73.0394697
Tajikistan,0.033,39.5155326,69.097023
Tajikistan,0.045,39.0857902,70.2408325
Tajikistan,0.086,37.9113562,69.097023
Turkmenistan,,,
Timor-Leste,0.379,3.427805,-76.486824
Timor-Leste,0.444,-9.0113171,125.5220012
Timor-Leste,0.357,-8.4731006,126.4553727
Timor-Leste,0.406,-8.9655406,125.2587964
Timor-Leste,0.31,-9.2650375,125.2587964
Timor-Leste,0.127,-8.5568557,125.5603143
Timor-Leste,0.497,-8.8068883,125.3466253
Timor-Leste,0.387,-8.6674095,125.2587964
Timor-Leste,0.373,-8.5531846,126.9970831
Timor-Leste,0.353,-9.0145495,125.8279959
Timor-Leste,0.295,,
Timor-Leste,0.508,-9.2970576,124.2866091
Timor-Leste,0.41,-8.8597918,126.3633516
Trinidad and Tobago,0.023,10.6527887,-61.4246961
Trinidad and Tobago,0.026,11.2979348,-60.5588524
Trinidad and Tobago,0.02,10.6467643,-61.4227551
Trinidad and Tobago,0.016,10.691803,-61.222503
Trinidad and Tobago,0.019,-16.9620634,26.419389
Tunisia,,,
"Tanzania, United Republic of",0.332,0.3215308,32.5862002
"Tanzania, United Republic of",0.145,-6.369028,34.888822
"Tanzania, United Republic of",0.346,-6.2555679,29.5107708
"Tanzania, United Republic of",0.2,40.7566997,-73.9664629
"Tanzania, United Republic of",0.312,5.4817318,-55.2259207
"Tanzania, United Republic of",0.296,-34.9478961,138.5812844
"Tanzania, United Republic of",0.226,7.5257028,-12.5039922
"Tanzania, United Republic of",0.397,28.5954114,77.181578
"Tanzania, United Republic of",0.143,-6.1357295,39.3621196
Uganda,0.076,0.3475964,32.5825197
Uganda,0.3,8.4545561,-13.2432632
Uganda,0.294,0.3729261,32.6357573
Uganda,0.371,0.2540775,31.9928078
Uganda,0.417,1.2692186,33.438353
Uganda,0.431,2.8780034,32.7181375
Uganda,0.634,2.8308738,34.1531947
Uganda,0.484,0.3157239,32.575568
Uganda,0.346,0.2580521,30.5279096
Uganda,0.4,1.373333,32.290275
Ukraine,,,
Uzbekistan,0.007,41.3262326,69.3249975
Uzbekistan,0.011,41.309631,69.238629
Uzbekistan,0.016,38.9083604,-77.0405101
Uzbekistan,0.004,6.2374036,-0.4502368
Uzbekistan,0.006,13.1078947,14.4490398
Uzbekistan,0.001,,
Viet Nam,0.013,20.9033868,105.9699878
Viet Nam,0.064,,
Viet Nam,0.024,15.1738009,108.6175626
Viet Nam,0.057,13.0635025,108.2377519
Viet Nam,0.017,14.058324,108.277199
Viet Nam,0.03,10.063363,105.5943388
Vanuatu,,,
Yemen,0.2,13.9720929,44.1625338
Yemen,0.136,13.6343413,46.0563212
Yemen,0.057,15.3694451,44.1910066
Yemen,0.191,13.9889146,45.5771002
Yemen,0.207,13.5775886,44.0177989
Yemen,0.214,16.7901819,45.2993862
Yemen,0.447,15.7030403,43.6039301
Yemen,0.343,14.7909118,42.9708838
Yemen,0.12,16.9304135,49.3653149
Yemen,0.325,14.5455447,44.4087348
Yemen,0.163,-2.8441371,119.2320784
Yemen,0.278,16.9509413,43.7477743
Yemen,0.255,15.3694451,44.1910066
Yemen,0.062,12.7854969,45.0186548
Yemen,0.176,13.1489588,44.8505495
Yemen,0.214,15.4700312,45.3228575
Yemen,0.349,15.4687838,43.5462744
Yemen,0.105,16.5238423,51.6834275
Yemen,0.322,15.6620639,43.9341408
Yemen,0.2,,
Yemen,0.381,14.883333,43.55
South Africa,,,
Zambia,0.292,-14.3112263,28.299435
Zambia,0.158,-13.0570073,27.5495846
Zambia,0.369,-13.8056187,31.9928078
Zambia,0.392,-11.564831,29.0459927
Zambia,0.112,-15.3875259,28.3228165
Zambia,0.368,-15.3780734,28.2579161
Zambia,0.397,-9.7670177,30.8958242
Zambia,0.334,-13.0050258,24.9042208
Zambia,0.301,14.8781262,15.4068079
Zambia,0.399,-15.9454906,23.3823545
Zimbabwe,0.014,-20.1325066,28.626479
Zimbabwe,0.038,20.3254175,104.1001326
Zimbabwe,0.168,-18.9216386,32.174605
Zimbabwe,0.21,-16.7644295,31.0793705
Zimbabwe,0.14,-18.5871642,31.2626366
Zimbabwe,0.192,-17.4851029,29.7889248
Zimbabwe,0.174,-20.0791909,30.8384093
Zimbabwe,0.238,-18.5331566,27.5495846
Zimbabwe,0.164,-21.052337,29.0459927
Zimbabwe,0.176,-18.4070294,14.8454619
